title,subhead,url,image_url,premium
Live  Article se déroulant en direct   Plusieurs zones ont été « touchées » en Israël à la suite de la dernière salve de missiles tirés dimanche soir par l’Iran,"L’armée israélienne a levé l’alerte maximale, précisant ainsi à la population qu’elle pouvait sortir des abris. Les deux pays ont poursuivi leurs opérations militaires tout au long de la journée.",https://www.lemonde.fr/international/live/2025/06/15/en-direct-israel-iran-plusieurs-zones-ont-ete-touchees-en-israel-a-la-suite-de-la-derniere-salve-de-missiles-tires-dimanche-soir-par-l-iran_6612642_3210.html,https://img.lemde.fr/2025/06/15/0/5/4780/3187/400/266/75/0/cee84b5_ftp-import-images-1-srtjlh3sgsgm-2025-06-15t185137z-905814018-rc253fa8mmgf-rtrmadp-3-iran-nuclear-israel.JPG,True
"Luca de Meo, le directeur général de Renault, quitte ses fonctions",,https://www.lemonde.fr/economie/article/2025/06/15/luca-de-meo-le-directeur-general-de-renault-quitte-ses-fonctions_6613398_3234.html,https://img.lemde.fr/2025/06/11/0/0/4495/2996/398/265/75/0/89daff8_ftp-import-images-1-zsadzj443u5c-2025-06-11t084515z-1472494781-rc280fa9s2ov-rtrmadp-3-france-tech.JPG,False
"Rachida Dati : « Pour l’audiovisuel public, le statu quo n’est pas une option »",,https://www.lemonde.fr/economie/article/2025/06/15/rachida-dati-pour-l-audiovisuel-public-le-statu-quo-n-est-pas-une-option_6613394_3234.html,https://img.lemde.fr/2025/06/15/1311/43/2289/1526/398/265/75/0/ea37b3b_upload-1-gsog5kmbeg97-080-hl-emonfrais-2700762.jpg,True
"Qu’est ce que le projet scientifique du « Coran européen », attaqué par l’extrême droite",Un projet visant à étudier l’influence du Coran en Europe du Moyen Age au XIXᵉ siècle a été la cible d’attaques au motif qu’il serait un relais d’influence pour les Frères musulmans. Des accusations qui paraissent déconnectées de la réalité de la production de ce programme de haut niveau.,https://www.lemonde.fr/le-monde-des-religions/article/2025/06/15/coran-europeen-que-contient-vraiment-ce-projet-scientifique-attaque-par-l-extreme-droite_6613237_6038514.html,https://img.lemde.fr/2025/06/12/0/0/3888/2592/398/265/75/0/9e1446d_upload-1-8kcpu1eklyfo-ap090403039549.jpg,True
"« Fière d’être brune » : à Los Angeles, le sursaut de solidarité de la jeunesse latino","Des milliers d’enfants de migrants ont manifesté samedi dans le centre-ville de la mégalopole californienne, en brandissant leur identité, pour protester contre les arrestations massives de sans-papiers ordonnées par l’administration Trump.",https://www.lemonde.fr/international/article/2025/06/15/fiere-d-etre-brune-a-los-angeles-le-sursaut-de-solidarite-de-la-jeunesse-latino_6613400_3210.html,https://img.lemde.fr/2025/06/15/0/0/5500/3666/398/265/75/0/30bb51b_upload-1-uzo4zs1hq5wf-866608.jpg,True
"EN DIRECT | PSG-Atlético de Madrid : Vitinha double la mise pour les Parisiens, à leurs aises face aux Colchoneros","Le club parisien dispute, dimanche, son premier match depuis son sacre en Ligue des champions. Il affronte l’Atlético de Madrid, à Los Angeles, pour son entrée en lice dans la Coupe du monde des clubs.",https://www.lemonde.fr/sport/live/2025/06/15/en-direct-psg-atletico-de-madrid-suivez-le-match-de-la-coupe-du-monde-des-clubs_6613391_3242.html,https://img.lemde.fr/2025/06/15/73/0/6817/4544/398/265/75/0/752a404_ftp-import-images-1-jovd31jawb4m-2025-06-15t192137z-316448538-up1el6f1hrzge-rtrmadp-3-soccer-club-psg-atm.JPG,False
"Du Pérou au Vatican, l’ascension de « Monseñor Roberto de Chiclayo » devenu Léon XIV","Le successeur de François au Vatican a longtemps vécu dans la république sud-américaine, où son sens du compromis et sa volonté d’aider les plus pauvres ont marqué les esprits. « Le Monde » est parti sur ses traces dans la ville de Chiclayo, rencontrer plusieurs témoins qui se souviennent du temps où il s’appelait encore Robert Prevost.",https://www.lemonde.fr/international/article/2025/06/15/du-perou-au-vatican-l-ascension-de-monsenor-roberto-de-chiclayo-devenu-leon-xiv_6613224_3210.html,https://img.lemde.fr/2025/06/12/12/0/2200/1466/664/442/75/0/25d1196_upload-1-hhryrz4u5cz5-000-466349d.jpg,True
Le point sur la guerre en Ukraine : les dernières informations,,https://www.lemonde.fr/international/live/2025/06/15/en-direct-guerre-en-ukraine-pres-de-3-000-drones-d-attaque-russes-lances-depuis-le-debut-du-mois_6613242_3210.html,https://img.lemde.fr/2025/06/14/0/0/6192/4128/198/132/95/0/4f316b6_ftp-import-images-1-gzvo73ibcski-2025-06-14t140706z-1094314781-rc232fasjkjs-rtrmadp-3-ukraine-crisis-attack-zaporizhzhia.JPG,False
"Depuis le Groenland, Emmanuel Macron affirme que personne en Europe ne pense que ce territoire est à « vendre ou à prendre »",,https://www.lemonde.fr/international/article/2025/06/15/emmanuel-macron-au-groenland-pour-exprimer-la-solidarite-europeenne-face-a-la-volonte-d-annexion-de-donald-trump_6613377_3210.html,https://img.lemde.fr/2025/06/15/0/0/1280/853/198/132/95/0/aa9b2a5_upload-1-020xxqcqgngo-whatsapp-image-2025-06-15-at-16-50-36-2.jpeg,False
Importantes manifestations à La Haye et Bruxelles pour interpeller les gouvernements sur le « génocide » à Gaza,,https://www.lemonde.fr/international/article/2025/06/15/importantes-manifestations-a-la-haye-et-bruxelles-pour-interpeller-les-gouvernements-sur-le-genocide-a-gaza_6613402_3210.html,https://img.lemde.fr/2025/06/15/0/0/2544/1696/198/132/95/0/13183e7_ftp-import-images-1-u4p378brthme-2025-06-15t160826z-707388649-rc213fankuov-rtrmadp-3-israel-palestinians-belgium-protest.JPG,False
Olivier Faure et Nicolas Mayer-Rossignol échouent à se mettre d’accord sur la relation que le PS doit avoir avec LFI,,https://www.lemonde.fr/politique/article/2025/06/15/au-congres-du-parti-socialiste-olivier-faure-et-nicolas-mayer-rossignol-echouent-a-se-mettre-d-accord-sur-la-relation-avec-lfi_6613364_823448.html,https://img.lemde.fr/2025/06/15/0/0/6000/4000/198/132/95/0/bfcee97_upload-1-0kwtmrdep5ib-cbi1262056.JPG,False
"La désindustrialisation en Allemagne, un bouleversement historique pour les syndicats",,https://www.lemonde.fr/economie/article/2025/06/15/la-desindustrialisation-en-allemagne-un-bouleversement-historique-pour-les-syndicats_6613378_3234.html,,True
Six départements de l’est de la France en vigilance orange aux orages,,https://www.lemonde.fr/planete/article/2025/06/15/orages-vigilance-orange-pour-six-departements-de-l-est-de-la-france_6613352_3245.html,,False
"Avec le député RN Maxime Amblard, le lobby du nucléaire a trouvé sa voix à l’Assemblée",,https://www.lemonde.fr/politique/article/2025/06/15/avec-maxime-amblard-le-lobby-du-nucleaire-a-trouve-sa-voix-a-l-assemblee_6613381_823448.html,,True
Le vice-champion olympique Joan-Benjamin Gaba sacré champion du monde de judo pour la première fois,,https://www.lemonde.fr/sport/article/2025/06/15/le-vice-champion-olympique-joan-benjamin-gaba-sacre-champion-du-monde-de-judo-pour-la-premiere-fois_6613397_3242.html,,False
"Le F-35 américain, un avion de chasse symbole de dépendance européenne",,https://www.lemonde.fr/international/article/2025/06/15/le-f-35-americain-un-avion-de-chasse-symbole-de-dependance-europeenne_6613239_3210.html,,True
"Les brèves critiques du « Monde des livres » : Julien Barret, Yann Diener, Karin Serres…",,https://www.lemonde.fr/critique-litteraire/article/2025/06/15/les-breves-critiques-du-monde-des-livres-julien-barret-yann-diener-karin-serres_6613395_5473203.html,,True
"Jérôme Guedj traite Jean-Luc Mélenchon de « salopard antisémite », le leader de La France insoumise demande des excuses au PS",,https://www.lemonde.fr/politique/article/2025/06/15/jerome-guedj-traite-jean-luc-melenchon-de-salopard-antisemite-manuel-bompard-exige-des-excuses-d-olivier-faure_6613356_823448.html,,False
Le gouvernement tente de rassurer sur l’avenir du Palais de la découverte,,https://www.lemonde.fr/sciences/article/2025/06/15/le-gouvernement-tente-de-rassurer-sur-l-avenir-du-palais-de-la-decouverte_6613374_1650684.html,,True
« Benyamin Nétanyahou a mis Donald Trump au pied du mur » en frappant l’Iran,"L’ancien conseiller à la sécurité nationale de Kamala Harris critique, dans un entretien au « Monde », le concept de « paix par la force » qui sous-tend la politique étrangère américaine actuelle. Il reconnaît, par ailleurs, les erreurs de l’administration Biden, en particulier dans la guerre à Gaza.",https://www.lemonde.fr/international/article/2025/06/14/philip-gordon-ancien-conseiller-de-kamala-harris-benyamin-netanyahou-a-mis-donald-trump-au-pied-du-mur-en-frappant-l-iran_6613039_3210.html,https://img.lemde.fr/2025/06/12/0/0/6000/4000/664/442/75/0/163dfab_upload-1-o7e71rcm7sck-000-34yp7f4.jpg,True
"La supériorité aérienne du F-35, l’un des avions de combat les plus performants au monde, en infographies","Depuis le retour de Donald Trump au pouvoir et ses régulières menaces de désengager les Etats-Unis de l’OTAN, les partenaires européens qui ont opté pour le F-35, conçu par le constructeur américain Lockheed Marti, sont un peu amers.",https://www.lemonde.fr/international/article/2025/06/15/la-superiorite-aerienne-du-f-35_6613238_3210.html,https://img.lemde.fr/2025/06/13/0/386/1156/771/664/442/75/0/81d9243_upload-1-z4l2kn04lsbm-mediaappel-f35.png,True
D’ex-salariés d’une formation supérieure privée dénoncent le « business » des étudiants étrangers,"D’anciens salariés d’une école de management lyonnaise, membre du groupe privé Collège de Paris, mettent en cause les pratiques du groupe pour recruter au prix fort des étudiants étrangers, qui n’obtiennent pas toujours la formation souhaitée.",https://www.lemonde.fr/campus/article/2025/06/15/d-ex-salaries-d-une-formation-superieure-privee-denoncent-le-business-des-etudiants-etrangers_6613314_4401467.html,https://img.lemde.fr/2025/06/13/79/0/2220/1480/664/442/75/0/7ad543c_upload-1-490pqhmf6g0l-image0.jpeg,True
"Faire des grandes familles, avec « plus de bébés », le nouveau ciment des droites aux Etats-Unis",,https://www.lemonde.fr/idees/article/2025/06/15/la-relance-des-naissances-nouveau-ciment-des-droites-aux-etats-unis_6613236_3232.html,,True
Editorial du « Monde » : le choix de la guerre et de ses risques,,https://www.lemonde.fr/idees/article/2025/06/14/israel-iran-le-choix-de-la-guerre-et-de-ses-risques_6613006_3232.html,,False
"« L’extrême droite aux Etats-Unis est imprégnée d’un millénarisme apocalyptique, nourri par la crise environnementale »",,https://www.lemonde.fr/idees/article/2025/06/15/l-extreme-droite-americaine-est-impregnee-d-un-millenarisme-apocalyptique-nourri-par-la-crise-environnementale_6613225_3232.html,https://img.lemde.fr/2017/09/22/0/0/0/0/100/100/60/0/985ab6b_194.jpg,True
Plusieurs zones ont été « touchées » en Israël à la suite de la dernière salve de missiles tirés dimanche soir par l’Iran,,https://www.lemonde.fr/international/live/2025/06/15/en-direct-israel-iran-plusieurs-zones-ont-ete-touchees-en-israel-a-la-suite-de-la-derniere-salve-de-missiles-tires-dimanche-soir-par-l-iran_6612642_3210.html,https://img.lemde.fr/2025/06/15/0/5/4780/3187/664/442/75/0/cee84b5_ftp-import-images-1-srtjlh3sgsgm-2025-06-15t185137z-905814018-rc253fa8mmgf-rtrmadp-3-iran-nuclear-israel.JPG,False
"Tribune. « En attaquant l’Iran, Israël entraîne le Moyen-Orient dans un engrenage guerrier »",,https://www.lemonde.fr/idees/article/2025/06/15/en-attaquant-l-iran-israel-entraine-le-moyen-orient-dans-un-engrenage-guerrier_6613380_3232.html,,True
"A la manifestation pour Gaza, la colère et la peur",,https://www.lemonde.fr/societe/article/2025/06/14/a-la-manifestation-pour-gaza-la-colere-et-la-peur_6613049_3224.html,,True
"Depuis le Groenland, Emmanuel Macron affirme que personne en Europe ne pense que ce territoire est à « vendre ou à prendre »",,https://www.lemonde.fr/international/article/2025/06/15/emmanuel-macron-au-groenland-pour-exprimer-la-solidarite-europeenne-face-a-la-volonte-d-annexion-de-donald-trump_6613377_3210.html,https://img.lemde.fr/2025/06/15/0/0/1280/853/664/442/75/0/aa9b2a5_upload-1-020xxqcqgngo-whatsapp-image-2025-06-15-at-16-50-36-2.jpeg,False
"Aux Etats-Unis, Donald Trump fête un double anniversaire sous les protestations    01:17",,https://www.lemonde.fr/videos/video/2025/06/15/video-aux-etats-unis-donald-trump-fete-un-double-anniversaire-sous-les-protestations_6613355_1669088.html,,True
"Des millions de personnes ont participé aux manifestations « No Kings » contre Donald Trump : « On avait besoin de se compter. Aujourd’hui, ça fait du bien »",,https://www.lemonde.fr/international/article/2025/06/15/manifestations-no-kings-contre-donald-trump-aux-etats-unis-on-avait-besoin-de-se-compter_6613227_3210.html,,True
Le point sur la guerre en Ukraine : les dernières informations,,https://www.lemonde.fr/international/live/2025/06/15/en-direct-guerre-en-ukraine-pres-de-3-000-drones-d-attaque-russes-lances-depuis-le-debut-du-mois_6613242_3210.html,https://img.lemde.fr/2025/06/14/0/0/6192/4128/664/442/75/0/4f316b6_ftp-import-images-1-gzvo73ibcski-2025-06-14t140706z-1094314781-rc232fasjkjs-rtrmadp-3-ukraine-crisis-attack-zaporizhzhia.JPG,False
Guerre en Ukraine : Vladimir Poutine s’est entretenu par téléphone avec Donald Trump sur la paix. Retrouvez les informations du 8 au 14 juin,,https://www.lemonde.fr/international/live/2025/06/14/en-direct-guerre-en-ukraine-vladimir-poutine-s-est-entretenu-par-telephone-avec-donald-trump-sur-la-paix_6611146_3210.html,,True
"« Dans le conflit entre la Russie et l’Ukraine, la question territoriale est importante, certes, mais pas autant qu’il n’y paraît »",,https://www.lemonde.fr/idees/article/2025/06/12/dans-le-conflit-entre-la-russie-et-l-ukraine-la-question-territoriale-est-importante-certes-mais-pas-autant-qu-il-n-y-parait_6612531_3232.html,,True
Importantes manifestations à La Haye et Bruxelles pour interpeller les gouvernements sur le « génocide » à Gaza,,https://www.lemonde.fr/international/article/2025/06/15/importantes-manifestations-a-la-haye-et-bruxelles-pour-interpeller-les-gouvernements-sur-le-genocide-a-gaza_6613402_3210.html,https://img.lemde.fr/2025/06/15/0/0/2544/1696/664/442/75/0/13183e7_ftp-import-images-1-u4p378brthme-2025-06-15t160826z-707388649-rc213fankuov-rtrmadp-3-israel-palestinians-belgium-protest.JPG,False
Les messianiques de Trump en première ligne contre Gaza,,https://www.lemonde.fr/un-si-proche-orient/article/2025/06/15/les-messianiques-de-trump-en-premiere-ligne-contre-gaza_6613244_6116995.html,,True
Au moins 41 Palestiniens tués samedi dans des attaques israéliennes dans la bande de Gaza,,https://www.lemonde.fr/international/article/2025/06/14/dans-la-bande-de-gaza-au-moins-35-palestiniens-tues-dans-des-attaques-israeliennes_6613035_3210.html,,True
« L’océan reste le grand absent des stratégies d’entreprise alors que 40 % des emplois en France dépendent des milieux marins »,,https://www.lemonde.fr/economie/article/2025/06/14/l-ocean-reste-le-grand-absent-des-strategies-d-entreprise-alors-que-40-des-emplois-en-france-dependent-des-milieux-marins_6612978_3234.html,https://img.lemde.fr/2025/06/13/0/0/3000/2000/664/442/75/0/435f47b_upload-1-3klla19u0ang-frame-1280.jpg,True
L’attaque en Iran percute la reconnaissance de l’Etat de Palestine par la France,,https://www.lemonde.fr/international/article/2025/06/14/l-attaque-en-iran-percute-la-reconnaissance-de-l-etat-de-palestine-par-la-france_6612962_3210.html,,True
"L’extension des aires marines protégées en France, promise par le gouvernement, aura un impact limité, selon les pêcheurs",,https://www.lemonde.fr/planete/article/2025/06/12/unoc-imbroglio-sur-l-extension-de-l-interdiction-du-chalutage-de-fond-dans-les-aires-marines-protegees-francaises_6612510_3244.html,,True
Deux syndicats allemand et américain unis contre les droits de douane,,https://www.lemonde.fr/economie/article/2025/06/15/deux-syndicats-allemand-et-americain-unis-contre-les-droits-de-douane_6613382_3234.html,https://img.lemde.fr/2025/06/13/0/136/5541/3694/664/442/75/0/a497093_upload-1-sityv7e0oadv-2024-09-17t145639z-1388730618-rc2z1aa8nn7a-rtrmadp-3-u-s-steel-m-a-nipponsteel.JPG,True
"He Lifeng, le discret vice-premier ministre chinois sur le devant de la scène pendant la guerre commerciale avec les Etats-Unis",,https://www.lemonde.fr/economie/article/2025/06/14/he-lifeng-le-discret-officiel-chinois-qui-veut-faire-plier-l-amerique_6612977_3234.html,,True
La guerre commerciale accentue le grand ralentissement de l’économie mondiale enregistré depuis le début de la décennie 2020,,https://www.lemonde.fr/economie/article/2025/06/10/la-guerre-commerciale-accentue-le-grand-ralentissement-de-l-economie-mondiale-enregistre-depuis-le-debut-de-la-decennie-2020_6612048_3234.html,,True
Le récit de l’attaque fulgurante et massive d’Israël contre l’Iran,,https://www.lemonde.fr/international/article/2025/06/13/israel-lance-une-attaque-fulgurante-et-massive-contre-l-iran_6612685_3210.html,https://img.lemde.fr/2025/06/13/0/0/8640/5760/664/442/75/0/e15292d_upload-1-hhjo8hlmhqck-421634.jpg,True
La faillite de l’« axe de la résistance » pro-iranien,,https://www.lemonde.fr/international/article/2025/06/14/attaque-d-israel-contre-l-iran-la-faillite-de-l-axe-de-la-resistance-pro-teheran_6613001_3210.html,,True
L’attaque en Iran percute la reconnaissance de l’Etat de Palestine par la France,,https://www.lemonde.fr/international/article/2025/06/14/l-attaque-en-iran-percute-la-reconnaissance-de-l-etat-de-palestine-par-la-france_6612962_3210.html,,True
La Chine entend supprimer les droits de douane pour la quasi-totalité des pays africains,,https://www.lemonde.fr/international/article/2025/06/14/la-chine-entend-supprimer-les-droits-de-douane-pour-la-quasi-totalite-des-pays-africains_6612984_3210.html,https://img.lemde.fr/2015/07/06/0/0/4633/3089/664/442/75/0/08b72aa_19499-gjbekh.jpg,True
"Au Mali, les paramilitaires russes d’Africa Corps se déploient et subissent leur première défaite",,https://www.lemonde.fr/afrique/article/2025/06/13/au-mali-les-paramilitaires-russes-d-africa-corps-se-deploient-et-subissent-leur-premiere-defaite_6612773_3212.html,,True
"Chigozie Obioma, écrivain : « Il y a du mysticisme dans mes romans car, pour moi, c’est la réalité »",,https://www.lemonde.fr/livres/article/2025/06/15/chigozie-obioma-il-y-a-du-mysticisme-dans-mes-romans-car-pour-moi-c-est-la-realite_6613365_3260.html,,True
« Plume de chaleur » : Vérargues a tiré les leçons du coup de chaud record de 2019,,https://www.lemonde.fr/planete/article/2025/06/13/plume-de-chaleur-verargues-se-souvient-du-coup-de-chaud-record-de-2019_6612663_3244.html,https://img.lemde.fr/2025/06/13/0/3/1593/1062/664/442/75/0/72e248f_upload-1-2w8nkwpuxizl-verargues-streetview-panorama-just-nearby-at-18-june-2016-panoramio.jpg,True
Conférence des Nations unies sur l’océan : « Les effets du multilatéralisme environnemental sont déjà là »,,https://www.lemonde.fr/planete/article/2025/06/13/unoc-les-effets-du-multilateralisme-environnemental-sont-deja-la_6612779_3244.html,,True
"UNOC : loin de Donald Trump, les dirigeants de la planète font avancer plusieurs dossiers cruciaux sur l’océan",,https://www.lemonde.fr/planete/article/2025/06/14/unoc-loin-de-donald-trump-les-dirigeants-de-la-planete-font-avancer-plusieurs-dossiers-cruciaux-sur-l-ocean_6612965_3244.html,,True
"Climat : à Bonn, les pays relancent les négociations dans un « nouvel ordre mondial »",,https://www.lemonde.fr/planete/article/2025/06/15/climat-a-bonn-les-pays-relancent-les-negociations-dans-un-nouvel-ordre-mondial_6613389_3244.html,https://img.lemde.fr/2025/06/15/0/0/8640/5760/664/442/75/0/40fac01_upload-1-2ru1tpaovx4e-413857.jpg,True
RDC : au moins 19 morts à la suite de pluies torrentielles à Kinshasa,,https://www.lemonde.fr/afrique/article/2025/06/15/rdc-au-moins-dix-neuf-morts-apres-des-pluies-torrentielles-a-kinshasa_6613155_3212.html,,True
Orages : vigilance orange pour dix-huit départements,,https://www.lemonde.fr/planete/article/2025/06/14/orages-vigilance-orange-pour-dix-huit-departements_6612996_3245.html,,True
"Avec le député RN Maxime Amblard, le lobby du nucléaire a trouvé sa voix à l’Assemblée",,https://www.lemonde.fr/politique/article/2025/06/15/avec-maxime-amblard-le-lobby-du-nucleaire-a-trouve-sa-voix-a-l-assemblee_6613381_823448.html,https://img.lemde.fr/2025/06/15/0/0/4999/3333/664/442/75/0/e60b2e4_upload-1-vcsynhieoeku-maxnewsspecialtwo127087.jpg,True
"Depuis le Groenland, Emmanuel Macron affirme que personne en Europe ne pense que ce territoire est à « vendre ou à prendre »",,https://www.lemonde.fr/international/article/2025/06/15/emmanuel-macron-au-groenland-pour-exprimer-la-solidarite-europeenne-face-a-la-volonte-d-annexion-de-donald-trump_6613377_3210.html,,True
Yonathan Arfi réélu à la tête du Conseil représentatif des institutions juives de France,,https://www.lemonde.fr/societe/article/2025/06/15/yonathan-arfi-reelu-a-la-tete-du-conseil-representatif-des-institutions-juives-de-france_6613366_3224.html,,False
Plus de 10 000 lycéens ont déjà quitté Parcoursup sans avoir eu de proposition d’affectation,,https://www.lemonde.fr/campus/article/2025/06/12/parcoursup-plus-de-10-000-lyceens-ont-deja-quitte-la-plateforme_6612582_4401467.html,https://img.lemde.fr/2025/06/12/0/0/7572/5048/664/442/75/0/baa7b8a_upload-1-zcvl8bmdirol-000-337b9dy.jpg,True
L’ampleur des difficultés pour remplacer les enseignants détaillée dans un rapport sénatorial,,https://www.lemonde.fr/societe/article/2025/06/12/un-rapport-senatorial-leve-le-voile-sur-l-ampleur-des-difficultes-de-remplacement-des-enseignants_6612567_3224.html,,True
"Au procès de l’attentat de Condé-sur-Sarthe, la difficile reconstruction de deux gardiens de prison : « Je suis dans un service administratif aujourd’hui »",,https://www.lemonde.fr/societe/article/2025/06/13/au-proces-de-l-attentat-de-conde-sur-sarthe-la-difficile-reconstruction-de-deux-gardiens-de-prison-je-suis-dans-un-service-administratif-aujourd-hui_6612696_3224.html,,True
Agriculture bio : le grand décrochage des soutiens publics sous l’ère Macron,,https://www.lemonde.fr/economie/article/2025/06/13/agriculture-bio-le-grand-decrochage-des-soutiens-publics-sous-l-ere-macron_6612658_3234.html,https://img.lemde.fr/2025/06/13/0/0/5498/3665/664/442/75/0/ebb423b_upload-1-qkjbal2l0z7b-000-47q84br.jpg,True
"En Italie, l’homme d’affaires Antonio Angelucci et le dessein d’un empire médiatique conservateur",,https://www.lemonde.fr/economie/article/2025/06/13/en-italie-l-homme-d-affaires-antonio-angelucci-et-le-dessein-d-un-empire-mediatique-conservateur_6612659_3234.html,,True
"Après le crash du 787 Dreamliner d’Air India, Boeing à nouveau en plein doute",,https://www.lemonde.fr/economie/article/2025/06/12/le-crash-du-787-d-air-india-en-inde-un-nouveau-coup-dur-pour-boeing_6612578_3234.html,,True
Pourquoi le style de Wes Anderson est-il si unique ?,,https://www.lemonde.fr/les-decodeurs/article/2025/05/28/pourquoi-le-style-de-wes-anderson-est-il-si-unique_6592007_4355771.html,https://img.lemde.fr/2025/03/27/221/0/2700/1800/664/442/75/0/090021c_sirius-fs-upload-1-a1lugwo36yws-1743085653509-capture-da-ei-cran-2025-03-27-ai-15-27-24.png,True
Pourquoi notre utilisation de l’intelligence artificielle est un gouffre énergétique,,https://www.lemonde.fr/les-decodeurs/article/2025/06/08/pourquoi-notre-utilisation-de-l-ia-est-un-gouffre-energetique_6611132_4355770.html,,True
125 destinations pour faire le tour du monde sans quitter la France (ou l’Europe)    Grand format,,https://www.lemonde.fr/les-decodeurs/visuel/2025/05/02/125-destinations-pour-faire-le-tour-du-monde-sans-quitter-la-france-ou-l-europe_6254182_4355771.html,,False
Technologia imperatores : aux racines de la fascination des « tech bros » pour l’Empire romain,,https://www.lemonde.fr/pixels/article/2025/06/09/technologia-imperatores-aux-racines-de-la-fascination-des-tech-bros-pour-l-empire-romain_6611570_4408996.html,https://img.lemde.fr/2025/05/20/16/86/1910/1273/664/442/75/0/f524f03_sirius-fs-upload-1-zhaxjfhplaph-1747728083289-mz-rome.jpg,True
Supprimer le hashtag #SkinnyTok ne fera pas disparaître les incitations à la maigreur sur TikTok,,https://www.lemonde.fr/pixels/article/2025/06/12/skinnytok-pourquoi-les-incitations-a-la-maigreur-sur-tiktok-ne-disparaitront-pas-en-supprimant-un-hashtag_6612502_4408996.html,,True
"Il y a vingt ans naissait Play All, projet de moteur de jeu vidéo français aussi ambitieux qu’inabouti",,https://www.lemonde.fr/pixels/article/2025/06/15/il-y-a-vingt-ans-naissait-play-all-projet-de-moteur-de-jeu-video-francais-aussi-ambitieux-qu-inabouti_6613350_4408996.html,,True
Wikipédia suspend un test lié à l’intelligence artificielle après la colère de certains contributeurs,,https://www.lemonde.fr/pixels/article/2025/06/14/wikipedia-met-en-pause-le-test-de-fonctionnalites-utilisant-l-ia-apres-la-fronde-de-ses-contributeurs_6612985_4408996.html,https://img.lemde.fr/2025/02/06/0/0/3000/2000/664/442/75/0/adc6308_sirius-fs-upload-1-fapna5ff75xx-1738848306085-papier-345.jpg,True
La revue « Réseaux » s’intéresse aux pouvoirs des algorithmes en matière de sécurité,,https://www.lemonde.fr/idees/article/2025/06/13/la-revue-reseaux-s-interesse-aux-pouvoirs-des-algorithmes-en-matiere-de-securite_6612718_3232.html,,True
Meta investit 14 milliards de dollars dans Scale AI pour se renforcer dans l’intelligence artificielle,,https://www.lemonde.fr/economie/article/2025/06/13/meta-investit-14-milliards-de-dollars-dans-scale-ai-pour-se-renforcer-dans-l-intelligence-artificielle_6612674_3234.html,,True
"Tribune. « En attaquant l’Iran, Israël entraîne le Moyen-Orient dans un engrenage guerrier »",,https://www.lemonde.fr/idees/article/2025/06/15/en-attaquant-l-iran-israel-entraine-le-moyen-orient-dans-un-engrenage-guerrier_6613380_3232.html,,True
"« Retarder de quelques années l’avancée du nucléaire iranien est un succès, mais cela ne peut être l’objectif final d’une politique de sécurité durable »",,https://www.lemonde.fr/idees/article/2025/06/14/israel-iran-retarder-de-quelques-annees-l-avancee-du-nucleaire-iranien-est-un-succes-mais-cela-ne-peut-etre-l-objectif-final-d-une-politique-de-securite-durable_6613019_3232.html,,True
"« Avec Donald Trump, le show est devenu dangereusement réel »",,https://www.lemonde.fr/idees/article/2025/06/14/david-a-bell-avec-donald-trump-le-show-est-devenu-dangereusement-reel_6612990_3232.html,,True
"EN DIRECT | PSG-Atlético de Madrid : Vitinha double la mise pour les Parisiens, à leurs aises face aux Colchoneros",,https://www.lemonde.fr/sport/live/2025/06/15/en-direct-psg-atletico-de-madrid-suivez-le-match-de-la-coupe-du-monde-des-clubs_6613391_3242.html,https://img.lemde.fr/2025/06/15/73/0/6817/4544/664/442/75/0/752a404_ftp-import-images-1-jovd31jawb4m-2025-06-15t192137z-316448538-up1el6f1hrzge-rtrmadp-3-soccer-club-psg-atm.JPG,False
Les prochains lives sport du « Monde »,,https://www.lemonde.fr/football/article/2024/06/15/les-prochains-lives-sport-du-monde_6157620_1616939.html,,True
"Au château de Chantilly, « Les Très Riches Heures du duc de Berry », le plus célèbre des manuscrits enluminés révélé",,https://www.lemonde.fr/culture/article/2025/06/12/au-chateau-de-chantilly-les-tres-riches-heures-du-duc-de-berry-le-plus-celebre-des-manuscrits-enlumines-revele_6612590_3246.html,https://img.lemde.fr/2025/06/12/3624/0/10360/6906/664/442/75/0/b25faab_upload-1-wfg5nqequdl1-10-octobre-exposition-les-trei-s-riches-heures-du-duc-de-berry-exhibition-les-trei-s-riches-heures-du-duc-de-berry-calendrier-copyright-rmn-grand-palais-domaine-de-chantilly-michel-urtado.jpg,True
"« Red Carpet », la création chavirante et groovy de Hofesh Shechter à l’Opéra Garnier",,https://www.lemonde.fr/culture/article/2025/06/12/red-carpet-la-creation-chavirante-et-groovy-d-hofesh-shechter-a-l-opera-garnier_6612589_3246.html,,True
"A Bruxelles, la nouvelle vie du World Trade Center",,https://www.lemonde.fr/culture/article/2025/06/12/a-bruxelles-la-nouvelle-vie-du-world-trade-center_6612546_3246.html,,True
« La Correspondante » : les âmes meurtries d’Adelheid Duvanel,,https://www.lemonde.fr/livres/article/2025/06/11/la-correspondante-les-ames-meurtries-d-adelheid-duvanel_6612233_3260.html,https://img.lemde.fr/2025/06/10/308/0/1466/977/664/442/75/0/51d64b4_sirius-fs-upload-1-nm3une7dgriy-1749565563736-ad-1.png,True
"Chigozie Obioma, écrivain : « Il y a du mysticisme dans mes romans car, pour moi, c’est la réalité »",,https://www.lemonde.fr/livres/article/2025/06/15/chigozie-obioma-il-y-a-du-mysticisme-dans-mes-romans-car-pour-moi-c-est-la-realite_6613365_3260.html,,True
"« Nicolas Delacour », de Jean-Marc Moriceau : un rural inconnu du XVIIᵉ siècle ressuscité",,https://www.lemonde.fr/livres/article/2025/06/15/nicolas-delacour-de-jean-marc-moriceau-un-rural-inconnu-du-xvii-siecle-ressuscite_6613404_3260.html,,True
"Découverte exceptionnelle d’une épave du XVIᵉ siècle au large de Ramatuelle, à une profondeur encore jamais référencée en France",,https://www.lemonde.fr/sciences/article/2025/06/12/decouverte-exceptionnelle-d-une-epave-du-xvi-siecle-au-large-de-ramatuelle-la-plus-profonde-a-ce-jour-recensee-dans-les-eaux-francaises_6612505_1650684.html,https://img.lemde.fr/2025/06/12/737/0/3741/2494/664/442/75/0/c9f13a3_upload-1-3cmu1ruazskv-camarat-4-a-marine-nationale-1.png,True
"Cinq expositions scientifiques à ne pas manquer : « Les Maîtres du feu », « Méditerranée 2050 », « Chiens et chats »…",,https://www.lemonde.fr/sciences/article/2025/06/13/cinq-expositions-scientifiques-a-ne-pas-manquer-les-maitres-du-feu-mediterranee-2050-chiens-et-chats_6612647_1650684.html,,True
La découverte d’un caoutchouc inusable ou presque,,https://www.lemonde.fr/sciences/article/2025/06/13/la-decouverte-d-un-caoutchouc-inusable-ou-presque_6612726_1650684.html,,True
"Jill Pilet, 31 ans, une chercheuse créative dans le milieu « aride » et masculin de la recherche sur le cancer",,https://www.lemonde.fr/campus/article/2025/06/12/jill-pilet-31-ans-une-chercheuse-creative-dans-le-milieu-aride-et-masculin-de-la-recherche-sur-le-cancer_6612545_4401467.html,https://img.lemde.fr/2025/04/14/269/0/2268/1512/664/442/75/0/54377c7_sirius-fs-upload-1-j6doyaqvvoug-1744617159433-20250412-183949-2.jpg,True
L’accompagnement à l’orientation des jeunes : une affaire de mères,,https://www.lemonde.fr/campus/article/2025/06/11/l-accompagnement-a-l-orientation-des-jeunes-une-affaire-de-meres_6612135_4401467.html,,True
D’ex-salariés d’une formation supérieure privée dénoncent le « business » des étudiants étrangers,,https://www.lemonde.fr/campus/article/2025/06/15/d-ex-salaries-d-une-formation-superieure-privee-denoncent-le-business-des-etudiants-etrangers_6613314_4401467.html,,True
Plongée dans l’enfer de la prison de Fresnes : « On est encore dans les années 1800 »,,https://www.lemonde.fr/m-le-mag/article/2025/06/13/plongee-dans-l-enfer-de-la-prison-de-fresnes-on-est-encore-dans-les-annees-1800_6612660_4500055.html,https://img.lemde.fr/2025/06/09/62/0/1500/1000/664/442/75/0/d0a34a5_ftp-import-images-1-yzk1mhngzrps-385117-3422691.jpg,True
"Yoa, chanteuse : « On s’inspire de ce qui est plus radical que soi. Pour moi, ces figures plus radicales s’avèrent soit queer, soit noires »    podcast",,https://www.lemonde.fr/podcasts/article/2025/06/13/yoa-chanteuse-sur-dix-ans-de-castings-je-n-ai-eu-que-des-roles-pour-des-filles-qui-s-appelaient-lila-ou-leila-des-filles-qui-viennent-de-banlieue-et-veulent-se-reapproprier-leur-corps-par-leur-sexualite_6612643_5463015.html,,True
"Léa Marie, directrice du Slip français : « Je ne crois pas qu’on soit un bon parent quand on fait des enfants pour les garder pour soi »",,https://www.lemonde.fr/intimites/article/2025/06/15/lea-marie-directrice-du-slip-francais-les-difficultes-nous-construisent-et-pourtant-on-cherche-a-en-proteger-ses-enfants_6613234_6190330.html,https://img.lemde.fr/2025/06/04/1387/0/4000/2666/664/442/75/0/0c9033f_sirius-fs-upload-1-w9vgmqryl2x6-1749031831852-photolea.jpg,True
"Les cafés kids friendly, ces lieux où les enfants sont les bienvenus",,https://www.lemonde.fr/intimites/article/2025/06/14/les-cafes-kids-friendly-ces-lieux-ou-les-enfants-sont-les-bienvenus_6612964_6190330.html,,True
« Le dilemme » : laisser des avis négatifs en ligne est-il une pratique morale ?,,https://www.lemonde.fr/intimites/article/2025/06/12/le-dilemme-laisser-des-avis-negatifs-en-ligne-est-il-une-pratique-morale_6612576_6190330.html,,True
"A l’Armée du salut, l’incroyable pouvoir caritatif du donut",,https://www.lemonde.fr/m-perso/article/2025/06/15/a-l-armee-du-salut-l-incroyable-pouvoir-caritatif-du-donut_6613231_4497916.html,https://img.lemde.fr/2025/06/12/0/659/3951/2634/664/442/75/0/fdefce9_upload-1-mthk9kw0p30r-pano-gau-arthur-dd-014.jpg,True
La « sirène de bureau » est-elle le poisson-pilote du capitalisme ?,,https://www.lemonde.fr/m-perso/article/2025/06/15/la-sirene-de-bureau-est-elle-le-poisson-pilote-du-capitalisme_6613230_4497916.html,,True
Un apéro avec Christophe Bourseiller : « Je ne crois pas être réac »,,https://www.lemonde.fr/m-perso/article/2025/06/13/un-apero-avec-christophe-bourseiller-je-ne-crois-pas-etre-reac_6612770_4497916.html,,True
"Que faire, que voir, où aller ? L’agenda culturel et art de vivre du 8 au 14 juin",,https://www.lemonde.fr/m-styles/article/2025/06/08/que-faire-que-voir-ou-aller-l-agenda-culturel-et-art-de-vivre-du-8-au-14-juin_6611227_4497319.html,https://img.lemde.fr/2025/06/02/0/0/6000/4000/664/442/75/0/a1b122d_sirius-fs-upload-1-06mpdf0wnwh7-1748876614158-rff-2024-bordeaux-garage-moderne-a-marine-burucoa-24.jpg,True
"Willie Morlon, l’orfèvre du plâtre",,https://www.lemonde.fr/m-styles/article/2025/06/06/willie-morlon-l-orfevre-du-platre_6610758_4497319.html,,True
"C’est l’histoire d’une rue : Buffon, du jardin botanique au repaire politique",,https://www.lemonde.fr/m-styles/article/2025/06/15/c-est-l-histoire-d-une-rue-buffon-du-jardin-botanique-au-repaire-politique_6613362_4497319.html,,True
"Les pinces du perce-oreille, arme de défense et critère de préférence sexuelle",,https://www.lemonde.fr/sciences/article/2025/06/15/les-pinces-du-perce-oreille-arme-de-defense-et-critere-de-preference-sexuelle_6613368_1650684.html,https://img.lemde.fr/2025/06/12/0/150/1620/1080/664/442/75/0/4175106_upload-1-hk6sikifqj88-male-and-female-maritime-earwigs.jpg,True
"C’est l’histoire d’une rue : Buffon, du jardin botanique au repaire politique",,https://www.lemonde.fr/m-styles/article/2025/06/15/c-est-l-histoire-d-une-rue-buffon-du-jardin-botanique-au-repaire-politique_6613362_4497319.html,,True
"Que faire, que voir, où aller ? L’agenda culturel et art de vivre du 15 au 22 juin",,https://www.lemonde.fr/m-styles/article/2025/06/15/que-faire-que-voir-ou-aller-l-agenda-culturel-et-art-de-vivre-du-15-au-22-juin_6613280_4497319.html,,True
"Bourse : après un semestre agité, les épargnants doivent-ils se replier vers l’Europe ?",,https://www.lemonde.fr/argent/article/2025/06/13/bourse-apres-un-semestre-agite-les-epargnants-doivent-ils-se-replier-vers-l-europe_6612665_1657007.html,https://img.lemde.fr/2025/06/12/116/0/2114/1409/664/442/75/0/02e7660_upload-1-zegwgabiox3g-lemonde-18juin2025.jpg,True
"Epargne : face à un besoin urgent d’argent, où puiser en priorité ?",,https://www.lemonde.fr/argent/article/2025/06/13/epargne-face-a-un-besoin-urgent-d-argent-ou-puiser-en-priorite_6612656_1657007.html,,True
Beaumanoir et Celio reprennent 33 magasins Jennyfer,,https://www.lemonde.fr/economie/article/2025/06/12/beaumanoir-et-celio-reprennent-33-magasins-jennyfer_6612565_3234.html,https://img.lemde.fr/2025/06/12/0/6/6036/4024/664/442/75/0/7436862_upload-1-ioejck2vchsq-maxnewsworldsix232390.jpg,True
Les prévisions pour la croissance française rabotées pour la deuxième fois en trois mois par la Banque de France,,https://www.lemonde.fr/economie/article/2025/06/12/les-previsions-pour-la-croissance-francaise-rabotees-pour-la-deuxieme-fois-en-trois-mois-par-la-banque-de-france_6612472_3234.html,,True
"Le sexisme et l’âgisme font perdre plus de 157 000 euros aux femmes sur vingt ans, selon la Fondation des femmes",,https://www.lemonde.fr/societe/article/2025/06/12/le-sexisme-et-l-agisme-font-perdre-plus-de-157-000-euros-aux-femmes-sur-vingt-ans-selon-la-fondation-des-femmes_6612495_3224.html,,True
"Sur les îles Baléares, grande destination touristique, il n’y a pas assez de soignants, d’enseignants ou de policiers, faute de logements",,https://www.lemonde.fr/economie/article/2025/06/15/aux-baleares-la-fuite-des-soignants-faute-de-logements_6613353_3234.html,https://img.lemde.fr/2025/06/13/0/0/5862/3908/664/442/75/0/3a5e26e_upload-1-hefomkk5whne-2025-04-05t133757z-2106040850-rc2mrdaxsalt-rtrmadp-3-spain-housing-protest-mallorca.JPG,True
"Des manifestations dans toute l’Europe contre la « touristification » de certaines villes : « Je ne veux pas déménager, je veux avoir le droit d’habiter ici »",,https://www.lemonde.fr/economie/article/2025/06/15/de-lisbonne-a-barcelone-une-vague-de-protestations-contre-la-touristification-des-villes_6613232_3234.html,,True
Municipales à Paris : Rémi Féraud veut débaptiser l’avenue Lamoricière et poursuivre le « travail de mémoire »,,https://www.lemonde.fr/politique/article/2025/06/13/municipales-2026-a-paris-remi-feraud-veut-debaptiser-l-avenue-lamoriciere-et-poursuivre-le-travail-de-memoire_6612772_823448.html,,True
"Qu’est ce que le projet scientifique du « Coran européen », attaqué par l’extrême droite",,https://www.lemonde.fr/le-monde-des-religions/article/2025/06/15/coran-europeen-que-contient-vraiment-ce-projet-scientifique-attaque-par-l-extreme-droite_6613237_6038514.html,https://img.lemde.fr/2025/06/12/0/0/3888/2592/664/442/75/0/9e1446d_upload-1-8kcpu1eklyfo-ap090403039549.jpg,True
"« Sous tes pierres, Jérusalem », de Marius Schattner et Frédérique Schillo : heurts en sous-sol dans la Ville sainte",,https://www.lemonde.fr/livres/article/2025/06/07/sous-tes-pierres-jerusalem-de-marius-schattner-et-frederique-schillo-heurts-en-sous-sol-dans-la-ville-sainte_6611100_3260.html,,True
Quatre essais pour découvrir le taoïsme et la spiritualité chinoise,,https://www.lemonde.fr/le-monde-des-religions/article/2025/06/13/quatre-essais-pour-decouvrir-le-taoisme-et-la-spiritualite-chinoise_6612662_6038514.html,,True
Quels sont les meilleurs jeux de la Switch 2 (à part « Mario Kart World »),,https://www.lemonde.fr/pixels/article/2025/06/15/quels-sont-les-meilleurs-jeux-de-la-switch-2-a-part-mario-kart-world_6613221_4408996.html,https://img.lemde.fr/2025/06/12/0/15/2430/1620/664/442/75/0/850bb10_upload-1-r7p9knizovgu-capture-da-ei-cran-2025-06-12-ai-23-00-36.png,True
"Nos choix de podcasts : « cancel culture », balades, bandes-son…",,https://www.lemonde.fr/culture/article/2025/06/14/nos-choix-de-podcasts-cancel-culture-balades-bandes-son_6612926_3246.html,,True
"Nos choix de livres cette semaine : « La Correspondante », « L’Epopée des passeurs », « La Route qui mène au pays »…",,https://www.lemonde.fr/livres/article/2025/06/11/nos-choix-de-livres-cette-semaine-la-correspondante-l-epopee-des-passeurs-la-route-qui-mene-au-pays_6612280_3260.html,,True
La Matinale du Monde fête ses 10 ans : ses lecteurs racontent pourquoi ils ne « peuvent plus s’en passer »,,https://www.lemonde.fr/le-monde-et-vous/article/2025/05/11/la-matinale-du-monde-fete-ses-10-ans-ses-lecteurs-racontent-pourquoi-ils-ne-peuvent-plus-s-en-passer_6604897_6065879.html,https://img.lemde.fr/2025/05/10/406/49/795/530/664/442/75/0/5ab69e2_sirius-fs-upload-1-weztrewjrod7-1746863758088-illu-couleur-10anslamatinale-v2-2.jpg,False
La Matinale du Monde a 10 ans : les coulisses de la fabrication d’une édition,,https://www.lemonde.fr/le-monde-et-vous/article/2025/05/11/la-matinale-du-monde-a-10-ans-les-coulisses-de-la-fabrication-d-une-edition_6604881_6065879.html,,True
"Pierre Haski, président de Reporters sans frontières : « Le cocktail actuel est angoissant pour l’avenir du journalisme »",,https://www.lemonde.fr/le-monde-et-vous/article/2025/06/15/pierre-haski-president-de-reporters-sans-frontieres-le-cocktail-actuel-est-angoissant-pour-l-avenir-du-journalisme_6613279_6065879.html,,False
Les meilleures machines à café à grains à moins de 500 euros,,https://www.lemonde.fr/guides-d-achat/article/2024/07/31/les-meilleures-machines-a-cafe-a-grains-a-moins-de-500-euros_6262976_5306571.html,https://img.lemde.fr/2024/07/19/0/0/1600/1066/664/442/75/0/b0b28ec_1721396108630-machines-a-grains-500-euros.jpg,False
Le meilleur antivol pour vélo,,https://www.lemonde.fr/guides-d-achat/article/2023/10/17/le-meilleur-antivol-pour-velo_6195018_5306571.html,,False
